"","name","date","project","email_count","svn_count","watches","votes","jira_count","jira_type","jira_priority"
"137","cm_t1",31,"hadoop-common-project",9,3,13,0,2,1,4
"138","cm_t1",31,"hadoop-common-project",9,13,13,0,2,1,4
"328","cm_t10",28,"hadoop-common-project",8,19,8,0,2,2,4
"329","cm_t10",28,"hadoop-common-project",8,3,8,0,2,2,4
"330","cm_t10",28,"hadoop-common-project",8,11,8,0,2,2,4
"331","cm_t10",28,"hadoop-common-project",8,19,8,0,2,2,4
"332","cm_t10",28,"hadoop-common-project",8,9,8,0,2,2,4
"333","cm_t10",28,"hadoop-common-project",8,7,8,0,2,2,4
"334","cm_t10",28,"hadoop-common-project",8,7,8,0,2,2,4
"335","cm_t10",28,"hadoop-common-project",8,7,8,0,2,2,4
"336","cm_t10",28,"hadoop-common-project",8,108,8,0,2,2,4
"337","cm_t10",29,"hadoop-common-project",9,5,17,0,2,1,4
"338","cm_t10",29,"hadoop-common-project",9,5,17,0,2,1,4
"339","cm_t10",29,"hadoop-common-project",9,7,17,0,2,1,4
"340","cm_t10",29,"hadoop-common-project",9,5,17,0,2,1,4
"341","cm_t10",29,"hadoop-common-project",9,7,17,0,2,1,4
"350","cm_t10",31,"hadoop-common-project",3,16,9,0,2,1,2
"351","cm_t10",31,"hadoop-common-project",3,5,9,0,2,1,2
"352","cm_t10",31,"hadoop-common-project",3,5,9,0,2,1,2
"353","cm_t10",31,"hadoop-common-project",3,11,9,0,2,1,2
"354","cm_t10",31,"hadoop-common-project",3,4,9,0,2,1,2
"355","cm_t10",31,"hadoop-common-project",3,5,9,0,2,1,2
"356","cm_t10",31,"hadoop-common-project",3,9,9,0,2,1,2
"393","cm_t2",11,"hadoop-common-project",29,3,2,0,1,1,4
"394","cm_t2",11,"hadoop-common-project",29,5,2,0,1,1,4
"395","cm_t2",11,"hadoop-common-project",29,78,2,0,1,1,4
"396","cm_t2",11,"hadoop-common-project",29,19,2,0,1,1,4
"397","cm_t2",11,"hadoop-common-project",29,106,2,0,1,1,4
"414","cm_t2",16,"hadoop-common-project",20,4,2,0,1,1,4
"415","cm_t2",16,"hadoop-common-project",20,4,2,0,1,1,4
"416","cm_t2",16,"hadoop-common-project",20,5,2,0,1,1,4
"431","cm_t2",20,"hadoop-common-project",32,4,2,0,1,1,4
"438","cm_t2",23,"hadoop-common-project",27,13,2,0,1,1,4
"439","cm_t2",23,"hadoop-common-project",27,7,2,0,1,1,4
"440","cm_t2",23,"hadoop-common-project",27,5,2,0,1,1,4
"451","cm_t2",29,"hadoop-common-project",26,5,8,0,1,2,1
"452","cm_t2",29,"hadoop-common-project",26,7,8,0,1,2,1
"457","cm_t3",1,"hadoop-common-project",16,16,4,0,2,1,4
"458","cm_t3",1,"hadoop-common-project",16,7,4,0,2,1,4
"459","cm_t3",1,"hadoop-common-project",16,5,4,0,2,1,4
"460","cm_t3",1,"hadoop-common-project",16,7,4,0,2,1,4
"461","cm_t3",1,"hadoop-common-project",16,21,4,0,2,1,4
"462","cm_t3",1,"hadoop-common-project",16,9,4,0,2,1,4
"463","cm_t3",1,"hadoop-common-project",16,5,4,0,2,1,4
"464","cm_t3",2,"hadoop-common-project",8,25,5,0,1,0,4
"465","cm_t3",2,"hadoop-common-project",8,7,5,0,1,0,4
"466","cm_t3",2,"hadoop-common-project",8,5,5,0,1,0,4
"467","cm_t3",2,"hadoop-common-project",8,5,5,0,1,0,4
"468","cm_t3",2,"hadoop-common-project",8,11,5,0,1,0,4
"511","cm_t3",12,"hadoop-common-project",10,4,5,0,3,2,5
"512","cm_t3",12,"hadoop-common-project",10,5,5,0,3,2,5
"513","cm_t3",12,"hadoop-common-project",10,3,5,0,3,2,5
"514","cm_t3",13,"hadoop-common-project",5,9,2,0,1,3,1
"515","cm_t3",13,"hadoop-common-project",5,11,2,0,1,3,1
"516","cm_t3",13,"hadoop-common-project",5,7,2,0,1,3,1
"517","cm_t3",14,"hadoop-common-project",9,4,4,0,2,1,3
"518","cm_t3",14,"hadoop-common-project",9,15,4,0,2,1,3
"519","cm_t3",14,"hadoop-common-project",9,3,4,0,2,1,3
"520","cm_t3",14,"hadoop-common-project",9,3,4,0,2,1,3
"521","cm_t3",15,"hadoop-common-project",21,5,6,0,1,1,4
"522","cm_t3",15,"hadoop-common-project",21,5,6,0,1,1,4
"531","cm_t3",17,"hadoop-common-project",17,9,3,0,1,0,4
"532","cm_t3",17,"hadoop-common-project",17,9,3,0,1,0,4
"533","cm_t3",17,"hadoop-common-project",17,29,3,0,1,0,4
"534","cm_t3",17,"hadoop-common-project",17,17,3,0,1,0,4
"535","cm_t3",17,"hadoop-common-project",17,3,3,0,1,0,4
"536","cm_t3",18,"hadoop-common-project",6,3,4,0,1,1,3
"537","cm_t3",18,"hadoop-common-project",6,5,4,0,1,1,3
"538","cm_t3",18,"hadoop-common-project",6,3,4,0,1,1,3
"539","cm_t3",18,"hadoop-common-project",6,7,4,0,1,1,3
"540","cm_t3",18,"hadoop-common-project",6,7,4,0,1,1,3
"544","cm_t3",20,"hadoop-common-project",6,3,1,0,1,1,3
"545","cm_t3",20,"hadoop-common-project",6,9,1,0,1,1,3
"546","cm_t3",20,"hadoop-common-project",6,7,1,0,1,1,3
"547","cm_t3",20,"hadoop-common-project",6,3,1,0,1,1,3
"548","cm_t3",21,"hadoop-common-project",14,3,2,0,1,1,4
"549","cm_t3",21,"hadoop-common-project",14,9,2,0,1,1,4
"550","cm_t3",21,"hadoop-common-project",14,3,2,0,1,1,4
"552","cm_t3",23,"hadoop-common-project",18,25,17,0,6,5,5
"553","cm_t3",23,"hadoop-common-project",18,5,17,0,6,5,5
"554","cm_t3",23,"hadoop-common-project",18,28,17,0,6,5,5
"555","cm_t3",24,"hadoop-common-project",11,15,32,0,5,1,4
"556","cm_t3",24,"hadoop-common-project",11,5,32,0,5,1,4
"557","cm_t3",25,"hadoop-common-project",4,5,3,0,2,0,4
"558","cm_t3",25,"hadoop-common-project",4,13,3,0,2,0,4
"559","cm_t3",25,"hadoop-common-project",4,3,3,0,2,0,4
"560","cm_t3",26,"hadoop-common-project",9,7,4,0,1,1,4
"561","cm_t3",26,"hadoop-common-project",9,5,4,0,1,1,4
"562","cm_t3",26,"hadoop-common-project",9,5,4,0,1,1,4
"563","cm_t3",26,"hadoop-common-project",9,7,4,0,1,1,4
"564","cm_t3",27,"hadoop-common-project",4,33,9,2,2,1,4
"565","cm_t3",27,"hadoop-common-project",4,7,9,2,2,1,4
"566","cm_t3",27,"hadoop-common-project",4,5,9,2,2,1,4
"567","cm_t3",27,"hadoop-common-project",4,5,9,2,2,1,4
"568","cm_t3",28,"hadoop-common-project",10,29,18,0,6,2,4
"569","cm_t3",28,"hadoop-common-project",10,9,18,0,6,2,4
"570","cm_t3",28,"hadoop-common-project",10,3,18,0,6,2,4
"571","cm_t3",28,"hadoop-common-project",10,9,18,0,6,2,4
"572","cm_t3",28,"hadoop-common-project",10,7,18,0,6,2,4
"573","cm_t3",29,"hadoop-common-project",6,5,17,0,4,2,5
"574","cm_t3",29,"hadoop-common-project",6,3,17,0,4,2,5
"575","cm_t3",29,"hadoop-common-project",6,9,17,0,4,2,5
"576","cm_t3",30,"hadoop-common-project",11,21,8,0,4,2,4
"577","cm_t3",30,"hadoop-common-project",11,5,8,0,4,2,4
"578","cm_t3",31,"hadoop-common-project",9,9,13,0,4,2,4
"579","cm_t3",31,"hadoop-common-project",9,22,13,0,4,2,4
"580","cm_t3",31,"hadoop-common-project",9,5,13,0,4,2,4
"581","cm_t3",31,"hadoop-common-project",9,9,13,0,4,2,4
"661","cm_t4",24,"hadoop-common-project",16,5,2,0,1,1,4
"662","cm_t4",24,"hadoop-common-project",16,7,2,0,1,1,4
"663","cm_t4",24,"hadoop-common-project",16,7,2,0,1,1,4
"671","cm_t4",28,"hadoop-common-project",15,4,5,0,1,1,4
"675","cm_t4",31,"hadoop-common-project",16,142,8,0,1,2,4
"676","cm_t5",1,"hadoop-common-project",15,7,7,0,2,1,4
"743","cm_t5",29,"hadoop-common-project",12,16,6,0,1,1,4
"775","cm_t6",20,"hadoop-common-project",11,3,2,0,1,2,1
"776","cm_t6",20,"hadoop-common-project",11,11,2,0,1,2,1
"791","cm_t7",1,"hadoop-common-project",27,15,2,0,1,2,4
"792","cm_t7",1,"hadoop-common-project",27,17,2,0,1,2,4
"793","cm_t7",1,"hadoop-common-project",27,3,2,0,1,2,4
"794","cm_t7",1,"hadoop-common-project",27,3,2,0,1,2,4
"816","cm_t7",10,"hadoop-common-project",20,7,1,0,1,2,4
"817","cm_t7",10,"hadoop-common-project",20,3,1,0,1,2,4
"818","cm_t7",10,"hadoop-common-project",20,3,1,0,1,2,4
"819","cm_t7",10,"hadoop-common-project",20,23,1,0,1,2,4
"820","cm_t7",10,"hadoop-common-project",20,36,1,0,1,2,4
"860","cm_t7",23,"hadoop-common-project",18,5,6,0,1,1,5
"869","cm_t7",27,"hadoop-common-project",12,5,4,0,1,1,4
"876","cm_t7",29,"hadoop-common-project",10,3,5,0,1,1,4
"878","cm_t7",31,"hadoop-common-project",17,3,3,0,1,2,4
"879","cm_t8",1,"hadoop-common-project",21,22,12,0,1,1,2
"880","cm_t8",1,"hadoop-common-project",21,37,12,0,1,1,2
"942","cm_t8",28,"hadoop-common-project",17,46,6,0,1,1,4
"943","cm_t8",28,"hadoop-common-project",17,5,6,0,1,1,4
"944","cm_t8",28,"hadoop-common-project",17,5,6,0,1,1,4
"950","cm_t8",31,"hadoop-common-project",16,5,8,0,2,1,4
"1035","hb_t1",2,"hbase",32,7,5,0,1,3,4
"1050","hb_t1",16,"hbase",36,3,1,0,1,0,4
"1063","hb_t1",28,"hbase",28,31,4,0,1,2,3
"1064","hb_t1",28,"hbase",28,31,4,0,1,2,3
"1073","hb_t10",3,"hbase",36,5,7,0,1,1,4
"1074","hb_t10",3,"hbase",36,16,7,0,1,1,4
"1075","hb_t10",3,"hbase",36,11,7,0,1,1,4
"1076","hb_t10",3,"hbase",36,3,7,0,1,1,4
"1077","hb_t10",3,"hbase",36,2,7,0,1,1,4
"1078","hb_t10",3,"hbase",36,3,7,0,1,1,4
"1144","hb_t10",22,"hbase",8,4,4,0,1,5,2
"1145","hb_t10",22,"hbase",8,85,4,0,1,5,2
"1146","hb_t10",22,"hbase",8,3,4,0,1,5,2
"1147","hb_t10",22,"hbase",8,2,4,0,1,5,2
"1150","hb_t10",24,"hbase",17,4,4,0,1,2,4
"1151","hb_t10",24,"hbase",17,9,4,0,1,2,4
"1152","hb_t10",24,"hbase",17,25,4,0,1,2,4
"1153","hb_t10",24,"hbase",17,9,4,0,1,2,4
"1175","hb_t10",31,"hbase",5,2,5,0,1,1,4
"1202","hb_t2",3,"hbase",96,4,13,0,3,1,4
"1203","hb_t2",3,"hbase",96,3,13,0,3,1,4
"1204","hb_t2",3,"hbase",96,11,13,0,3,1,4
"1205","hb_t2",3,"hbase",96,3,13,0,3,1,4
"1206","hb_t2",3,"hbase",96,5,13,0,3,1,4
"1207","hb_t2",3,"hbase",96,3,13,0,3,1,4
"1208","hb_t2",3,"hbase",96,3,13,0,3,1,4
"1209","hb_t2",3,"hbase",96,6,13,0,3,1,4
"1210","hb_t2",3,"hbase",96,3,13,0,3,1,4
"1211","hb_t2",3,"hbase",96,2,13,0,3,1,4
"1425","hb_t2",21,"hbase",89,2,8,0,1,2,1
"1426","hb_t2",21,"hbase",89,2,8,0,1,2,1
"1427","hb_t2",21,"hbase",89,2,8,0,1,2,1
"1428","hb_t2",21,"hbase",89,10,8,0,1,2,1
"1429","hb_t2",21,"hbase",89,3,8,0,1,2,1
"1430","hb_t2",21,"hbase",89,3,8,0,1,2,1
"1431","hb_t2",21,"hbase",89,2,8,0,1,2,1
"1432","hb_t2",21,"hbase",89,2,8,0,1,2,1
"1433","hb_t2",21,"hbase",89,3,8,0,1,2,1
"1434","hb_t2",21,"hbase",89,6,8,0,1,2,1
"1463","hb_t2",24,"hbase",96,10,6,0,2,2,4
"1464","hb_t2",24,"hbase",96,11,6,0,2,2,4
"1465","hb_t2",24,"hbase",96,2,6,0,2,2,4
"1466","hb_t2",24,"hbase",96,53,6,0,2,2,4
"1467","hb_t2",24,"hbase",96,2,6,0,2,2,4
"1468","hb_t2",24,"hbase",96,14,6,0,2,2,4
"1469","hb_t2",24,"hbase",96,14,6,0,2,2,4
"1470","hb_t2",24,"hbase",96,4,6,0,2,2,4
"1471","hb_t2",24,"hbase",96,18,6,0,2,2,4
"1472","hb_t2",24,"hbase",96,5,6,0,2,2,4
"1473","hb_t2",24,"hbase",96,7,6,0,2,2,4
"1474","hb_t2",24,"hbase",96,15,6,0,2,2,4
"1475","hb_t2",24,"hbase",96,2,6,0,2,2,4
"1506","hb_t2",28,"hbase",86,2,2,0,1,2,1
"1507","hb_t2",28,"hbase",86,4,2,0,1,2,1
"1508","hb_t2",28,"hbase",86,15,2,0,1,2,1
"1509","hb_t2",28,"hbase",86,5,2,0,1,2,1
"1510","hb_t2",28,"hbase",86,3,2,0,1,2,1
"1511","hb_t2",28,"hbase",86,3,2,0,1,2,1
"1512","hb_t2",28,"hbase",86,2,2,0,1,2,1
"1513","hb_t2",28,"hbase",86,2,2,0,1,2,1
"1514","hb_t2",28,"hbase",86,3,2,0,1,2,1
"1515","hb_t2",28,"hbase",86,2,2,0,1,2,1
"1516","hb_t2",28,"hbase",86,8,2,0,1,2,1
"1517","hb_t2",28,"hbase",86,10,2,0,1,2,1
"1518","hb_t2",28,"hbase",86,2,2,0,1,2,1
"1519","hb_t2",28,"hbase",86,3,2,0,1,2,1
"1520","hb_t2",28,"hbase",86,3,2,0,1,2,1
"1521","hb_t2",28,"hbase",86,2,2,0,1,2,1
"1522","hb_t2",29,"hbase",65,5,10,0,2,2,1
"1523","hb_t2",29,"hbase",65,3,10,0,2,2,1
"1524","hb_t2",29,"hbase",65,5,10,0,2,2,1
"1525","hb_t2",29,"hbase",65,10,10,0,2,2,1
"1526","hb_t2",29,"hbase",65,2,10,0,2,2,1
"1527","hb_t2",29,"hbase",65,6,10,0,2,2,1
"1528","hb_t2",29,"hbase",65,3,10,0,2,2,1
"1529","hb_t2",29,"hbase",65,24,10,0,2,2,1
"1530","hb_t2",29,"hbase",65,16,10,0,2,2,1
"1531","hb_t2",29,"hbase",65,6,10,0,2,2,1
"1532","hb_t2",29,"hbase",65,4,10,0,2,2,1
"1533","hb_t2",29,"hbase",65,7,10,0,2,2,1
"1554","hb_t3",1,"hbase",40,45,3,0,1,1,5
"1555","hb_t3",1,"hbase",40,4,3,0,1,1,5
"1556","hb_t3",1,"hbase",40,12,3,0,1,1,5
"1557","hb_t3",1,"hbase",40,5,3,0,1,1,5
"1558","hb_t3",1,"hbase",40,4,3,0,1,1,5
"1559","hb_t3",1,"hbase",40,2,3,0,1,1,5
"1566","hb_t3",3,"hbase",59,7,19,0,4,1,4
"1567","hb_t3",3,"hbase",59,65,19,0,4,1,4
"1568","hb_t3",3,"hbase",59,31,19,0,4,1,4
"1569","hb_t3",3,"hbase",59,2,19,0,4,1,4
"1570","hb_t3",3,"hbase",59,4,19,0,4,1,4
"1665","hb_t3",16,"hbase",59,26,11,0,3,5,4
"1666","hb_t3",16,"hbase",59,2,11,0,3,5,4
"1667","hb_t3",16,"hbase",59,4,11,0,3,5,4
"1668","hb_t3",16,"hbase",59,5,11,0,3,5,4
"1669","hb_t3",16,"hbase",59,2,11,0,3,5,4
"1670","hb_t3",16,"hbase",59,4,11,0,3,5,4
"1671","hb_t3",16,"hbase",59,23,11,0,3,5,4
"1672","hb_t3",16,"hbase",59,2,11,0,3,5,4
"1673","hb_t3",16,"hbase",59,4,11,0,3,5,4
"1674","hb_t3",16,"hbase",59,10,11,0,3,5,4
"1675","hb_t3",16,"hbase",59,8,11,0,3,5,4
"1676","hb_t3",16,"hbase",59,4,11,0,3,5,4
"1677","hb_t3",16,"hbase",59,2,11,0,3,5,4
"1692","hb_t3",18,"hbase",54,3,3,0,1,5,4
"1693","hb_t3",18,"hbase",54,4,3,0,1,5,4
"1694","hb_t3",18,"hbase",54,4,3,0,1,5,4
"1695","hb_t3",18,"hbase",54,4,3,0,1,5,4
"1696","hb_t3",18,"hbase",54,5,3,0,1,5,4
"1705","hb_t3",20,"hbase",51,4,6,0,3,2,5
"1706","hb_t3",20,"hbase",51,3,6,0,3,2,5
"1707","hb_t3",20,"hbase",51,3,6,0,3,2,5
"1708","hb_t3",20,"hbase",51,7,6,0,3,2,5
"1709","hb_t3",20,"hbase",51,4,6,0,3,2,5
"1710","hb_t3",20,"hbase",51,41,6,0,3,2,5
"1711","hb_t3",20,"hbase",51,2,6,0,3,2,5
"1712","hb_t3",20,"hbase",51,2,6,0,3,2,5
"1713","hb_t3",20,"hbase",51,3,6,0,3,2,5
"1714","hb_t3",20,"hbase",51,8,6,0,3,2,5
"1715","hb_t3",21,"hbase",51,3,15,1,3,4,4
"1716","hb_t3",21,"hbase",51,16,15,1,3,4,4
"1717","hb_t3",21,"hbase",51,3,15,1,3,4,4
"1718","hb_t3",21,"hbase",51,14,15,1,3,4,4
"1719","hb_t3",21,"hbase",51,4,15,1,3,4,4
"1720","hb_t3",21,"hbase",51,8,15,1,3,4,4
"1721","hb_t3",21,"hbase",51,3,15,1,3,4,4
"1722","hb_t3",22,"hbase",62,3,23,0,5,5,4
"1723","hb_t3",22,"hbase",62,2,23,0,5,5,4
"1724","hb_t3",22,"hbase",62,2,23,0,5,5,4
"1725","hb_t3",22,"hbase",62,38,23,0,5,5,4
"1726","hb_t3",22,"hbase",62,22,23,0,5,5,4
"1727","hb_t3",22,"hbase",62,13,23,0,5,5,4
"1736","hb_t3",24,"hbase",42,2,5,0,2,3,4
"1737","hb_t3",24,"hbase",42,3,5,0,2,3,4
"1738","hb_t3",24,"hbase",42,8,5,0,2,3,4
"1739","hb_t3",24,"hbase",42,8,5,0,2,3,4
"1740","hb_t3",24,"hbase",42,2,5,0,2,3,4
"1741","hb_t3",24,"hbase",42,16,5,0,2,3,4
"1742","hb_t3",25,"hbase",58,6,18,0,4,2,4
"1743","hb_t3",25,"hbase",58,3,18,0,4,2,4
"1744","hb_t3",25,"hbase",58,4,18,0,4,2,4
"1745","hb_t3",25,"hbase",58,2,18,0,4,2,4
"1746","hb_t3",25,"hbase",58,15,18,0,4,2,4
"1747","hb_t3",25,"hbase",58,3,18,0,4,2,4
"1748","hb_t3",25,"hbase",58,4,18,0,4,2,4
"1749","hb_t3",25,"hbase",58,3,18,0,4,2,4
"1750","hb_t3",26,"hbase",92,2,17,0,4,1,4
"1751","hb_t3",26,"hbase",92,2,17,0,4,1,4
"1752","hb_t3",26,"hbase",92,3,17,0,4,1,4
"1753","hb_t3",26,"hbase",92,2,17,0,4,1,4
"1754","hb_t3",26,"hbase",92,6,17,0,4,1,4
"1755","hb_t3",26,"hbase",92,5,17,0,4,1,4
"1756","hb_t3",26,"hbase",92,2,17,0,4,1,4
"1757","hb_t3",26,"hbase",92,2,17,0,4,1,4
"1771","hb_t3",28,"hbase",58,2,9,0,1,1,4
"1772","hb_t3",28,"hbase",58,18,9,0,1,1,4
"1773","hb_t3",28,"hbase",58,4,9,0,1,1,4
"1774","hb_t3",28,"hbase",58,2,9,0,1,1,4
"1775","hb_t3",28,"hbase",58,18,9,0,1,1,4
"1776","hb_t3",28,"hbase",58,11,9,0,1,1,4
"1777","hb_t3",29,"hbase",59,2,17,0,3,1,3
"1778","hb_t3",29,"hbase",59,2,17,0,3,1,3
"1779","hb_t3",29,"hbase",59,2,17,0,3,1,3
"1780","hb_t3",29,"hbase",59,2,17,0,3,1,3
"1781","hb_t3",29,"hbase",59,2,17,0,3,1,3
"1782","hb_t3",29,"hbase",59,2,17,0,3,1,3
"1783","hb_t3",29,"hbase",59,10,17,0,3,1,3
"1784","hb_t3",29,"hbase",59,42,17,0,3,1,3
"1785","hb_t3",29,"hbase",59,2,17,0,3,1,3
"1786","hb_t3",29,"hbase",59,4,17,0,3,1,3
"1787","hb_t3",30,"hbase",43,4,15,0,3,5,4
"1788","hb_t3",30,"hbase",43,8,15,0,3,5,4
"1789","hb_t3",30,"hbase",43,3,15,0,3,5,4
"1790","hb_t3",30,"hbase",43,7,15,0,3,5,4
"1791","hb_t3",30,"hbase",43,2,15,0,3,5,4
"1792","hb_t3",30,"hbase",43,7,15,0,3,5,4
"1793","hb_t3",30,"hbase",43,12,15,0,3,5,4
"1794","hb_t3",31,"hbase",31,3,14,0,4,4,4
"1795","hb_t3",31,"hbase",31,10,14,0,4,4,4
"1796","hb_t3",31,"hbase",31,3,14,0,4,4,4
"1797","hb_t3",31,"hbase",31,3,14,0,4,4,4
"1800","hb_t4",3,"hbase",76,3,10,0,2,1,5
"1817","hb_t4",17,"hbase",84,8,4,0,1,2,4
"1822","hb_t4",22,"hbase",94,3,4,0,1,2,1
"1823","hb_t4",23,"hbase",137,5,5,0,1,1,4
"2043","hb_t5",29,"hbase",61,2,7,0,1,4,4
"2044","hb_t5",29,"hbase",61,2,7,0,1,4,4
"2045","hb_t5",29,"hbase",61,3,7,0,1,4,4
"2046","hb_t5",29,"hbase",61,3,7,0,1,4,4
"2047","hb_t5",29,"hbase",61,2,7,0,1,4,4
"2063","hb_t6",1,"hbase",45,5,4,0,1,3,4
"2064","hb_t6",1,"hbase",45,5,4,0,1,3,4
"2065","hb_t6",1,"hbase",45,2,4,0,1,3,4
"2066","hb_t6",1,"hbase",45,4,4,0,1,3,4
"2067","hb_t6",1,"hbase",45,3,4,0,1,3,4
"2068","hb_t6",1,"hbase",45,3,4,0,1,3,4
"2168","hb_t6",17,"hbase",60,3,8,0,2,5,4
"2169","hb_t6",17,"hbase",60,3,8,0,2,5,4
"2170","hb_t6",17,"hbase",60,8,8,0,2,5,4
"2171","hb_t6",17,"hbase",60,5,8,0,2,5,4
"2172","hb_t6",17,"hbase",60,5,8,0,2,5,4
"2173","hb_t6",17,"hbase",60,12,8,0,2,5,4
"2195","hb_t6",20,"hbase",52,3,2,0,1,2,4
"2196","hb_t6",20,"hbase",52,4,2,0,1,2,4
"2197","hb_t6",20,"hbase",52,11,2,0,1,2,4
"2198","hb_t6",20,"hbase",52,5,2,0,1,2,4
"2199","hb_t6",20,"hbase",52,11,2,0,1,2,4
"2200","hb_t6",21,"hbase",44,4,17,0,2,3,5
"2201","hb_t6",21,"hbase",44,6,17,0,2,3,5
"2202","hb_t6",21,"hbase",44,2,17,0,2,3,5
"2203","hb_t6",21,"hbase",44,3,17,0,2,3,5
"2204","hb_t6",21,"hbase",44,3,17,0,2,3,5
"2205","hb_t6",21,"hbase",44,2,17,0,2,3,5
"2213","hb_t6",23,"hbase",50,6,0,0,1,3,4
"2214","hb_t6",23,"hbase",50,2,0,0,1,3,4
"2215","hb_t6",23,"hbase",50,3,0,0,1,3,4
"2216","hb_t6",23,"hbase",50,3,0,0,1,3,4
"2217","hb_t6",23,"hbase",50,7,0,0,1,3,4
"2218","hb_t6",23,"hbase",50,2,0,0,1,3,4
"2219","hb_t6",23,"hbase",50,11,0,0,1,3,4
"2228","hb_t6",25,"hbase",51,10,30,0,5,3,4
"2229","hb_t6",25,"hbase",51,3,30,0,5,3,4
"2230","hb_t6",25,"hbase",51,6,30,0,5,3,4
"2231","hb_t6",25,"hbase",51,8,30,0,5,3,4
"2232","hb_t6",25,"hbase",51,2,30,0,5,3,4
"2233","hb_t6",25,"hbase",51,12,30,0,5,3,4
"2234","hb_t6",25,"hbase",51,2,30,0,5,3,4
"2235","hb_t6",25,"hbase",51,7,30,0,5,3,4
"2236","hb_t6",25,"hbase",51,8,30,0,5,3,4
"2247","hb_t6",28,"hbase",47,2,14,0,3,1,4
"2248","hb_t6",28,"hbase",47,10,14,0,3,1,4
"2249","hb_t6",28,"hbase",47,7,14,0,3,1,4
"2250","hb_t6",28,"hbase",47,2,14,0,3,1,4
"2251","hb_t6",28,"hbase",47,3,14,0,3,1,4
"2255","hb_t6",30,"hbase",50,2,3,0,1,1,4
"2256","hb_t6",30,"hbase",50,37,3,0,1,1,4
"2257","hb_t6",30,"hbase",50,2,3,0,1,1,4
"2258","hb_t6",30,"hbase",50,3,3,0,1,1,4
"2259","hb_t6",30,"hbase",50,2,3,0,1,1,4
"2949","hb_t8",22,"hbase",32,7,5,0,1,0,4
"2950","hb_t8",22,"hbase",32,2,5,0,1,0,4
"2951","hb_t8",22,"hbase",32,4,5,0,1,0,4
"2952","hb_t8",22,"hbase",32,4,5,0,1,0,4
"2953","hb_t8",22,"hbase",32,3,5,0,1,0,4
"2954","hb_t8",22,"hbase",32,2,5,0,1,0,4
"2955","hb_t8",22,"hbase",32,31,5,0,1,0,4
"2956","hb_t8",22,"hbase",32,3,5,0,1,0,4
"2957","hb_t8",22,"hbase",32,2,5,0,1,0,4
"2958","hb_t8",22,"hbase",32,2,5,0,1,0,4
"2959","hb_t8",22,"hbase",32,15,5,0,1,0,4
"2960","hb_t8",22,"hbase",32,4,5,0,1,0,4
"2961","hb_t8",22,"hbase",32,19,5,0,1,0,4
"2962","hb_t8",22,"hbase",32,2,5,0,1,0,4
"2963","hb_t8",22,"hbase",32,16,5,0,1,0,4
"2964","hb_t8",22,"hbase",32,8,5,0,1,0,4
"2965","hb_t8",22,"hbase",32,3,5,0,1,0,4
"2966","hb_t8",22,"hbase",32,4,5,0,1,0,4
"2967","hb_t8",22,"hbase",32,2,5,0,1,0,4
"2968","hb_t8",22,"hbase",32,5,5,0,1,0,4
"2969","hb_t8",22,"hbase",32,5,5,0,1,0,4
"2970","hb_t8",22,"hbase",32,2,5,0,1,0,4
"2971","hb_t8",22,"hbase",32,3,5,0,1,0,4
"2972","hb_t8",22,"hbase",32,2,5,0,1,0,4
"2973","hb_t8",22,"hbase",32,31,5,0,1,0,4
"2974","hb_t8",22,"hbase",32,20,5,0,1,0,4
"3026","hb_t8",25,"hbase",42,6,5,0,1,2,1
"3027","hb_t8",25,"hbase",42,3,5,0,1,2,1
"3028","hb_t8",25,"hbase",42,31,5,0,1,2,1
"3029","hb_t8",25,"hbase",42,6,5,0,1,2,1
"3030","hb_t8",25,"hbase",42,3,5,0,1,2,1
"3031","hb_t8",25,"hbase",42,11,5,0,1,2,1
"3032","hb_t8",25,"hbase",42,2,5,0,1,2,1
"3033","hb_t8",25,"hbase",42,10,5,0,1,2,1
"3034","hb_t8",25,"hbase",42,29,5,0,1,2,1
"3035","hb_t8",25,"hbase",42,10,5,0,1,2,1
"3036","hb_t8",25,"hbase",42,2,5,0,1,2,1
"3037","hb_t8",25,"hbase",42,7,5,0,1,2,1
"3038","hb_t8",25,"hbase",42,2,5,0,1,2,1
"3039","hb_t8",25,"hbase",42,4,5,0,1,2,1
"3040","hb_t8",25,"hbase",42,18,5,0,1,2,1
"3041","hb_t8",25,"hbase",42,85,5,0,1,2,1
"3042","hb_t8",25,"hbase",42,3,5,0,1,2,1
"3043","hb_t8",25,"hbase",42,5,5,0,1,2,1
"3044","hb_t8",25,"hbase",42,4,5,0,1,2,1
"3045","hb_t8",25,"hbase",42,4,5,0,1,2,1
"3046","hb_t8",25,"hbase",42,25,5,0,1,2,1
"3047","hb_t8",25,"hbase",42,15,5,0,1,2,1
"3048","hb_t8",25,"hbase",42,3,5,0,1,2,1
"3049","hb_t8",25,"hbase",42,18,5,0,1,2,1
"3050","hb_t8",25,"hbase",42,2,5,0,1,2,1
"3171","hb_t9",2,"hbase",7,5,5,0,1,1,5
"3172","hb_t9",2,"hbase",7,2,5,0,1,1,5
"3173","hb_t9",2,"hbase",7,2,5,0,1,1,5
"3221","hb_t9",20,"hbase",11,2,9,0,1,1,5
"3222","hb_t9",20,"hbase",11,3,9,0,1,1,5
"3223","hb_t9",20,"hbase",11,4,9,0,1,1,5
"3240","hb_t9",30,"hbase",8,2,3,0,1,2,1
"3241","hb_t9",30,"hbase",8,2,3,0,1,2,1
"3242","hb_t9",30,"hbase",8,4,3,0,1,2,1
"3243","hb_t9",30,"hbase",8,34,3,0,1,2,1
"3247","hs_t1",1,"hadoop-hdfs-project",16,5,6,0,1,0,4
"3248","hs_t1",1,"hadoop-hdfs-project",16,9,6,0,1,0,4
"3249","hs_t1",1,"hadoop-hdfs-project",16,8,6,0,1,0,4
"3250","hs_t1",1,"hadoop-hdfs-project",16,5,6,0,1,0,4
"3251","hs_t1",1,"hadoop-hdfs-project",16,7,6,0,1,0,4
"3252","hs_t1",1,"hadoop-hdfs-project",16,3,6,0,1,0,4
"3253","hs_t1",1,"hadoop-hdfs-project",16,29,6,0,1,0,4
"3254","hs_t1",1,"hadoop-hdfs-project",16,23,6,0,1,0,4
"3255","hs_t1",1,"hadoop-hdfs-project",16,3950,6,0,1,0,4
"3256","hs_t1",1,"hadoop-hdfs-project",16,5,6,0,1,0,4
"3257","hs_t1",1,"hadoop-hdfs-project",16,31,6,0,1,0,4
"3382","hs_t1",18,"hadoop-hdfs-project",20,9,3,0,1,0,4
"3383","hs_t1",18,"hadoop-hdfs-project",20,11,3,0,1,0,4
"3384","hs_t1",18,"hadoop-hdfs-project",20,3,3,0,1,0,4
"3385","hs_t1",18,"hadoop-hdfs-project",20,10,3,0,1,0,4
"3386","hs_t1",18,"hadoop-hdfs-project",20,29,3,0,1,0,4
"3434","hs_t1",26,"hadoop-hdfs-project",13,5,4,0,1,1,2
"3435","hs_t1",26,"hadoop-hdfs-project",13,15,4,0,1,1,2
"3436","hs_t1",26,"hadoop-hdfs-project",13,7,4,0,1,1,2
"3437","hs_t1",26,"hadoop-hdfs-project",13,21,4,0,1,1,2
"3438","hs_t1",26,"hadoop-hdfs-project",13,5,4,0,1,1,2
"3439","hs_t1",26,"hadoop-hdfs-project",13,7,4,0,1,1,2
"3440","hs_t1",26,"hadoop-hdfs-project",13,13,4,0,1,1,2
"3441","hs_t1",26,"hadoop-hdfs-project",13,49,4,0,1,1,2
"3442","hs_t1",26,"hadoop-hdfs-project",13,5,4,0,1,1,2
"3443","hs_t1",26,"hadoop-hdfs-project",13,19,4,0,1,1,2
"3444","hs_t1",27,"hadoop-hdfs-project",19,5,3,0,1,1,4
"3445","hs_t1",27,"hadoop-hdfs-project",19,169,3,0,1,1,4
"3446","hs_t1",27,"hadoop-hdfs-project",19,21,3,0,1,1,4
"3447","hs_t1",27,"hadoop-hdfs-project",19,37,3,0,1,1,4
"3448","hs_t1",27,"hadoop-hdfs-project",19,17,3,0,1,1,4
"3449","hs_t1",27,"hadoop-hdfs-project",19,27,3,0,1,1,4
"3450","hs_t1",27,"hadoop-hdfs-project",19,3,3,0,1,1,4
"3451","hs_t1",28,"hadoop-hdfs-project",28,48,5,0,1,1,3
"3452","hs_t1",28,"hadoop-hdfs-project",28,41,5,0,1,1,3
"3453","hs_t1",28,"hadoop-hdfs-project",28,19,5,0,1,1,3
"3454","hs_t1",28,"hadoop-hdfs-project",28,3,5,0,1,1,3
"3455","hs_t1",28,"hadoop-hdfs-project",28,17,5,0,1,1,3
"3456","hs_t1",28,"hadoop-hdfs-project",28,31,5,0,1,1,3
"3457","hs_t1",28,"hadoop-hdfs-project",28,26,5,0,1,1,3
"3458","hs_t1",28,"hadoop-hdfs-project",28,67,5,0,1,1,3
"3459","hs_t1",28,"hadoop-hdfs-project",28,31,5,0,1,1,3
"3460","hs_t1",28,"hadoop-hdfs-project",28,32,5,0,1,1,3
"3465","hs_t1",30,"hadoop-hdfs-project",20,24,14,0,3,2,4
"3466","hs_t1",30,"hadoop-hdfs-project",20,5,14,0,3,2,4
"3467","hs_t1",30,"hadoop-hdfs-project",20,5,14,0,3,2,4
"3468","hs_t1",30,"hadoop-hdfs-project",20,5,14,0,3,2,4
"3469","hs_t1",30,"hadoop-hdfs-project",20,4,14,0,3,2,4
"3470","hs_t1",30,"hadoop-hdfs-project",20,11,14,0,3,2,4
"3490","hs_t10",3,"hadoop-hdfs-project",15,5,8,0,1,1,4
"3491","hs_t10",3,"hadoop-hdfs-project",15,5,8,0,1,1,4
"3492","hs_t10",3,"hadoop-hdfs-project",15,7,8,0,1,1,4
"3493","hs_t10",3,"hadoop-hdfs-project",15,11,8,0,1,1,4
"3494","hs_t10",3,"hadoop-hdfs-project",15,1117,8,0,1,1,4
"3495","hs_t10",3,"hadoop-hdfs-project",15,21,8,0,1,1,4
"3496","hs_t10",3,"hadoop-hdfs-project",15,3,8,0,1,1,4
"3618","hs_t10",16,"hadoop-hdfs-project",16,5,4,0,1,2,4
"3619","hs_t10",16,"hadoop-hdfs-project",16,13,4,0,1,2,4
"3620","hs_t10",16,"hadoop-hdfs-project",16,5,4,0,1,2,4
"3621","hs_t10",16,"hadoop-hdfs-project",16,11,4,0,1,2,4
"3622","hs_t10",16,"hadoop-hdfs-project",16,23,4,0,1,2,4
"3623","hs_t10",16,"hadoop-hdfs-project",16,7,4,0,1,2,4
"3624","hs_t10",16,"hadoop-hdfs-project",16,3,4,0,1,2,4
"3625","hs_t10",16,"hadoop-hdfs-project",16,7,4,0,1,2,4
"3626","hs_t10",16,"hadoop-hdfs-project",16,10,4,0,1,2,4
"3627","hs_t10",16,"hadoop-hdfs-project",16,16,4,0,1,2,4
"3628","hs_t10",16,"hadoop-hdfs-project",16,9,4,0,1,2,4
"3629","hs_t10",16,"hadoop-hdfs-project",16,5,4,0,1,2,4
"3642","hs_t10",18,"hadoop-hdfs-project",10,16,2,0,1,0,4
"3643","hs_t10",18,"hadoop-hdfs-project",10,521,2,0,1,0,4
"3644","hs_t10",18,"hadoop-hdfs-project",10,5,2,0,1,0,4
"3645","hs_t10",18,"hadoop-hdfs-project",10,13,2,0,1,0,4
"3646","hs_t10",18,"hadoop-hdfs-project",10,7,2,0,1,0,4
"3658","hs_t10",21,"hadoop-hdfs-project",4,65,3,0,1,0,4
"3659","hs_t10",21,"hadoop-hdfs-project",4,10,3,0,1,0,4
"3660","hs_t10",21,"hadoop-hdfs-project",4,5,3,0,1,0,4
"3665","hs_t10",23,"hadoop-hdfs-project",4,16,4,0,2,2,4
"3666","hs_t10",23,"hadoop-hdfs-project",4,70,4,0,2,2,4
"3667","hs_t10",23,"hadoop-hdfs-project",4,46,4,0,2,2,4
"3668","hs_t10",23,"hadoop-hdfs-project",4,7,4,0,2,2,4
"3669","hs_t10",23,"hadoop-hdfs-project",4,27,4,0,2,2,4
"3696","hs_t10",27,"hadoop-hdfs-project",4,5,7,0,2,0,4
"3697","hs_t10",27,"hadoop-hdfs-project",4,5,7,0,2,0,4
"3698","hs_t10",27,"hadoop-hdfs-project",4,28,7,0,2,0,4
"3699","hs_t10",27,"hadoop-hdfs-project",4,31,7,0,2,0,4
"3700","hs_t10",27,"hadoop-hdfs-project",4,48,7,0,2,0,4
"3701","hs_t10",27,"hadoop-hdfs-project",4,11,7,0,2,0,4
"3702","hs_t10",27,"hadoop-hdfs-project",4,13,7,0,2,0,4
"3703","hs_t10",27,"hadoop-hdfs-project",4,7,7,0,2,0,4
"3704","hs_t10",28,"hadoop-hdfs-project",7,5,15,0,3,2,4
"3705","hs_t10",28,"hadoop-hdfs-project",7,3,15,0,3,2,4
"3706","hs_t10",28,"hadoop-hdfs-project",7,51,15,0,3,2,4
"3707","hs_t10",28,"hadoop-hdfs-project",7,5,15,0,3,2,4
"3708","hs_t10",28,"hadoop-hdfs-project",7,5,15,0,3,2,4
"3709","hs_t10",28,"hadoop-hdfs-project",7,5,15,0,3,2,4
"3710","hs_t10",29,"hadoop-hdfs-project",6,21,4,0,1,0,4
"3711","hs_t10",29,"hadoop-hdfs-project",6,15,4,0,1,0,4
"3712","hs_t10",29,"hadoop-hdfs-project",6,5,4,0,1,0,4
"3713","hs_t10",29,"hadoop-hdfs-project",6,85,4,0,1,0,4
"3714","hs_t10",29,"hadoop-hdfs-project",6,7,4,0,1,0,4
"3715","hs_t10",29,"hadoop-hdfs-project",6,15,4,0,1,0,4
"3716","hs_t10",29,"hadoop-hdfs-project",6,4,4,0,1,0,4
"3717","hs_t10",29,"hadoop-hdfs-project",6,9,4,0,1,0,4
"3718","hs_t10",29,"hadoop-hdfs-project",6,21,4,0,1,0,4
"3719","hs_t10",29,"hadoop-hdfs-project",6,7,4,0,1,0,4
"3720","hs_t10",29,"hadoop-hdfs-project",6,5,4,0,1,0,4
"3721","hs_t10",29,"hadoop-hdfs-project",6,15,4,0,1,0,4
"3722","hs_t10",29,"hadoop-hdfs-project",6,5,4,0,1,0,4
"3892","hs_t2",25,"hadoop-hdfs-project",67,35,4,0,1,1,4
"3893","hs_t2",25,"hadoop-hdfs-project",67,5,4,0,1,1,4
"3894","hs_t2",25,"hadoop-hdfs-project",67,9,4,0,1,1,4
"3895","hs_t2",25,"hadoop-hdfs-project",67,7,4,0,1,1,4
"3896","hs_t2",25,"hadoop-hdfs-project",67,11,4,0,1,1,4
"3916","hs_t3",1,"hadoop-hdfs-project",7,5,38,0,2,1,4
"3917","hs_t3",1,"hadoop-hdfs-project",7,5,38,0,2,1,4
"3918","hs_t3",1,"hadoop-hdfs-project",7,9,38,0,2,1,4
"3922","hs_t3",3,"hadoop-hdfs-project",11,5,6,0,6,2,4
"3923","hs_t3",3,"hadoop-hdfs-project",11,5,6,0,6,2,4
"3924","hs_t3",3,"hadoop-hdfs-project",11,7,6,0,6,2,4
"3925","hs_t3",3,"hadoop-hdfs-project",11,17,6,0,6,2,4
"3926","hs_t3",3,"hadoop-hdfs-project",11,23,6,0,6,2,4
"3954","hs_t3",14,"hadoop-hdfs-project",6,11,6,0,2,1,5
"3955","hs_t3",14,"hadoop-hdfs-project",6,7,6,0,2,1,5
"3956","hs_t3",14,"hadoop-hdfs-project",6,10,6,0,2,1,5
"3957","hs_t3",14,"hadoop-hdfs-project",6,27,6,0,2,1,5
"3958","hs_t3",14,"hadoop-hdfs-project",6,31,6,0,2,1,5
"3959","hs_t3",14,"hadoop-hdfs-project",6,5,6,0,2,1,5
"3960","hs_t3",15,"hadoop-hdfs-project",8,17,2,0,1,1,4
"3961","hs_t3",15,"hadoop-hdfs-project",8,19,2,0,1,1,4
"3962","hs_t3",16,"hadoop-hdfs-project",7,5,13,0,4,2,4
"3963","hs_t3",16,"hadoop-hdfs-project",7,7,13,0,4,2,4
"3964","hs_t3",17,"hadoop-hdfs-project",7,5,2,0,1,2,3
"3965","hs_t3",17,"hadoop-hdfs-project",7,7,2,0,1,2,3
"3966","hs_t3",17,"hadoop-hdfs-project",7,5,2,0,1,2,3
"3967","hs_t3",17,"hadoop-hdfs-project",7,5,2,0,1,2,3
"3974","hs_t3",21,"hadoop-hdfs-project",9,5,7,0,4,2,4
"3975","hs_t3",21,"hadoop-hdfs-project",9,13,7,0,4,2,4
"3977","hs_t3",23,"hadoop-hdfs-project",9,7,4,0,3,1,4
"3978","hs_t3",23,"hadoop-hdfs-project",9,7,4,0,3,1,4
"3979","hs_t3",24,"hadoop-hdfs-project",12,9,3,0,2,3,4
"3980","hs_t3",24,"hadoop-hdfs-project",12,5,3,0,2,3,4
"3981","hs_t3",24,"hadoop-hdfs-project",12,3,3,0,2,3,4
"3986","hs_t3",27,"hadoop-hdfs-project",3,5,9,0,3,1,5
"3987","hs_t3",27,"hadoop-hdfs-project",3,9,9,0,3,1,5
"3988","hs_t3",28,"hadoop-hdfs-project",5,35,8,1,2,2,4
"3989","hs_t3",28,"hadoop-hdfs-project",5,11,8,1,2,2,4
"3993","hs_t3",30,"hadoop-hdfs-project",25,7,15,0,4,1,5
"3994","hs_t3",30,"hadoop-hdfs-project",25,13,15,0,4,1,5
"3996","hs_t4",1,"hadoop-hdfs-project",17,7,2,0,1,2,1
"3997","hs_t4",1,"hadoop-hdfs-project",17,11,2,0,1,2,1
"3998","hs_t4",1,"hadoop-hdfs-project",17,10,2,0,1,2,1
"3999","hs_t4",1,"hadoop-hdfs-project",17,16,2,0,1,2,1
"4000","hs_t4",1,"hadoop-hdfs-project",17,9,2,0,1,2,1
"4049","hs_t4",15,"hadoop-hdfs-project",14,5,1,0,1,0,4
"4050","hs_t4",15,"hadoop-hdfs-project",14,10,1,0,1,0,4
"4051","hs_t4",15,"hadoop-hdfs-project",14,11,1,0,1,0,4
"4075","hs_t4",23,"hadoop-hdfs-project",10,11,2,0,1,0,1
"4076","hs_t4",23,"hadoop-hdfs-project",10,9,2,0,1,0,1
"4077","hs_t4",23,"hadoop-hdfs-project",10,7,2,0,1,0,1
"4086","hs_t4",28,"hadoop-hdfs-project",15,5,10,0,2,1,4
"4087","hs_t4",28,"hadoop-hdfs-project",15,15,10,0,2,1,4
"4088","hs_t4",28,"hadoop-hdfs-project",15,13,10,0,2,1,4
"4089","hs_t4",29,"hadoop-hdfs-project",9,9,8,0,2,2,4
"4090","hs_t4",30,"hadoop-hdfs-project",19,9,6,0,1,1,4
"4091","hs_t4",30,"hadoop-hdfs-project",19,7,6,0,1,1,4
"4092","hs_t4",30,"hadoop-hdfs-project",19,25,6,0,1,1,4
"4093","hs_t4",30,"hadoop-hdfs-project",19,22,6,0,1,1,4
"4094","hs_t4",30,"hadoop-hdfs-project",19,5,6,0,1,1,4
"4095","hs_t4",30,"hadoop-hdfs-project",19,5,6,0,1,1,4
"4096","hs_t4",31,"hadoop-hdfs-project",8,37,18,0,3,1,4
"4097","hs_t4",31,"hadoop-hdfs-project",8,5,18,0,3,1,4
"4098","hs_t4",31,"hadoop-hdfs-project",8,9,18,0,3,1,4
"4187","hs_t5",28,"hadoop-hdfs-project",9,9,7,0,1,1,2
"4188","hs_t5",28,"hadoop-hdfs-project",9,17,7,0,1,1,2
"4189","hs_t5",28,"hadoop-hdfs-project",9,16,7,0,1,1,2
"4190","hs_t5",28,"hadoop-hdfs-project",9,13,7,0,1,1,2
"4195","hs_t5",31,"hadoop-hdfs-project",4,7,25,0,2,2,4
"4228","hs_t7",1,"hadoop-hdfs-project",8,3,6,0,2,1,4
"4281","hs_t7",27,"hadoop-hdfs-project",11,61,2,0,1,1,4
"4282","hs_t7",27,"hadoop-hdfs-project",11,9,2,0,1,1,4
"4283","hs_t7",28,"hadoop-hdfs-project",18,15,7,0,2,1,4
"4285","hs_t7",30,"hadoop-hdfs-project",13,5,6,0,2,0,4
"4286","hs_t7",30,"hadoop-hdfs-project",13,19,6,0,2,0,4
"4452","hs_t9",31,"hadoop-hdfs-project",25,17,8,0,1,1,4
"4453","hv_t1",1,"hive",80,7,1,0,1,2,4
"4454","hv_t1",1,"hive",80,6,1,0,1,2,4
"4455","hv_t1",1,"hive",80,35,1,0,1,2,4
"4456","hv_t1",1,"hive",80,2,1,0,1,2,4
"4457","hv_t1",1,"hive",80,9,1,0,1,2,4
"4458","hv_t1",1,"hive",80,7536,1,0,1,2,4
"4459","hv_t1",1,"hive",80,3,1,0,1,2,4
"4463","hv_t1",3,"hive",138,2,2,0,2,4,1
"4464","hv_t1",3,"hive",138,22,2,0,2,4,1
"4465","hv_t1",3,"hive",138,6,2,0,2,4,1
"4466","hv_t1",3,"hive",138,4,2,0,2,4,1
"4467","hv_t1",3,"hive",138,13,2,0,2,4,1
"4563","hv_t1",23,"hive",110,2,2,0,2,2,4
"4564","hv_t1",23,"hive",110,3,2,0,2,2,4
"4565","hv_t1",23,"hive",110,2,2,0,2,2,4
"4577","hv_t1",27,"hive",112,3,9,0,4,5,4
"4578","hv_t1",27,"hive",112,4,9,0,4,5,4
"4579","hv_t1",28,"hive",116,16,7,0,3,1,4
"4580","hv_t1",28,"hive",116,6,7,0,3,1,4
"4581","hv_t1",28,"hive",116,26,7,0,3,1,4
"4582","hv_t1",28,"hive",116,21,7,0,3,1,4
"4583","hv_t1",28,"hive",116,3,7,0,3,1,4
"4584","hv_t1",28,"hive",116,6,7,0,3,1,4
"4585","hv_t1",28,"hive",116,3,7,0,3,1,4
"4586","hv_t1",28,"hive",116,2,7,0,3,1,4
"4596","hv_t1",31,"hive",70,74,2,0,1,0,4
"4597","hv_t1",31,"hive",70,11,2,0,1,0,4
"4598","hv_t1",31,"hive",70,10,2,0,1,0,4
"4688","hv_t10",31,"hive",26,5,5,0,2,5,4
"4689","hv_t10",31,"hive",26,3,5,0,2,5,4
"5238","hv_t3",1,"hive",120,6,6,0,3,1,4
"5239","hv_t3",1,"hive",120,4,6,0,3,1,4
"5240","hv_t3",1,"hive",120,83,6,0,3,1,4
"5241","hv_t3",1,"hive",120,3,6,0,3,1,4
"5242","hv_t3",1,"hive",120,7,6,0,3,1,4
"5243","hv_t3",1,"hive",120,2,6,0,3,1,4
"5244","hv_t3",1,"hive",120,3,6,0,3,1,4
"5245","hv_t3",1,"hive",120,10,6,0,3,1,4
"5246","hv_t3",2,"hive",141,36,2,0,1,1,4
"5247","hv_t3",2,"hive",141,9,2,0,1,1,4
"5248","hv_t3",2,"hive",141,3,2,0,1,1,4
"5249","hv_t3",2,"hive",141,3,2,0,1,1,4
"5250","hv_t3",2,"hive",141,3,2,0,1,1,4
"5340","hv_t3",22,"hive",134,2,1,0,1,2,4
"5341","hv_t3",22,"hive",134,2,1,0,1,2,4
"5342","hv_t3",22,"hive",134,2,1,0,1,2,4
"5346","hv_t3",24,"hive",138,3,3,0,2,1,5
"5347","hv_t3",25,"hive",132,3,1,0,1,1,4
"5348","hv_t3",25,"hive",132,3,1,0,1,1,4
"5349","hv_t3",26,"hive",129,5,3,0,1,5,4
"5350","hv_t3",27,"hive",149,2,2,0,1,0,4
"5351","hv_t3",27,"hive",149,2,2,0,1,0,4
"5352","hv_t3",27,"hive",149,2,2,0,1,0,4
"5353","hv_t3",27,"hive",149,2,2,0,1,0,4
"5354","hv_t3",27,"hive",149,3,2,0,1,0,4
"5355","hv_t3",28,"hive",119,2,9,0,4,4,4
"5356","hv_t3",28,"hive",119,8,9,0,4,4,4
"5361","hv_t3",30,"hive",163,2,3,0,2,2,4
"5362","hv_t3",30,"hive",163,2,3,0,2,2,4
"5363","hv_t3",30,"hive",163,2,3,0,2,2,4
"5364","hv_t3",30,"hive",163,2,3,0,2,2,4
"5365","hv_t3",30,"hive",163,2,3,0,2,2,4
"5366","hv_t3",31,"hive",89,3,3,0,1,1,4
"5367","hv_t3",31,"hive",89,2,3,0,1,1,4
"5368","hv_t4",1,"hive",157,2,1,0,1,0,4
"5369","hv_t4",1,"hive",157,16,1,0,1,0,4
"5370","hv_t4",1,"hive",157,14,1,0,1,0,4
"5371","hv_t4",1,"hive",157,23,1,0,1,0,4
"5430","hv_t4",23,"hive",113,2,1,0,1,1,4
"5431","hv_t4",24,"hive",106,19,1,0,1,0,4
"5432","hv_t4",24,"hive",106,4,1,0,1,0,4
"5442","hv_t4",29,"hive",97,4,2,0,1,0,4
"5443","hv_t4",29,"hive",97,3,2,0,1,0,4
"5444","hv_t4",29,"hive",97,7,2,0,1,0,4
"5447","hv_t4",31,"hive",85,4,1,0,1,0,4
"5448","hv_t5",1,"hive",123,2,1,0,1,0,4
"5449","hv_t5",1,"hive",123,432,1,0,1,0,4
"5450","hv_t5",1,"hive",123,2,1,0,1,0,4
"5451","hv_t5",1,"hive",123,9,1,0,1,0,4
"5452","hv_t5",1,"hive",123,4,1,0,1,0,4
"5453","hv_t5",1,"hive",123,4,1,0,1,0,4
"5454","hv_t5",1,"hive",123,1064,1,0,1,0,4
"5455","hv_t5",1,"hive",123,4,1,0,1,0,4
"5467","hv_t5",3,"hive",165,27,1,0,1,0,4
"5468","hv_t5",3,"hive",165,4,1,0,1,0,4
"5469","hv_t5",3,"hive",165,15,1,0,1,0,4
"5470","hv_t5",3,"hive",165,2,1,0,1,0,4
"5471","hv_t5",3,"hive",165,6,1,0,1,0,4
"5472","hv_t5",3,"hive",165,2,1,0,1,0,4
"5473","hv_t5",3,"hive",165,14,1,0,1,0,4
"5694","hv_t5",27,"hive",83,2,0,0,1,5,4
"5695","hv_t5",27,"hive",83,5,0,0,1,5,4
"5696","hv_t5",27,"hive",83,7,0,0,1,5,4
"5697","hv_t5",27,"hive",83,3,0,0,1,5,4
"5698","hv_t5",27,"hive",83,2,0,0,1,5,4
"5699","hv_t5",27,"hive",83,13,0,0,1,5,4
"5700","hv_t5",27,"hive",83,2,0,0,1,5,4
"5701","hv_t5",27,"hive",83,2,0,0,1,5,4
"5702","hv_t5",27,"hive",83,15,0,0,1,5,4
"5703","hv_t5",27,"hive",83,34,0,0,1,5,4
"5704","hv_t5",27,"hive",83,11,0,0,1,5,4
"5705","hv_t5",27,"hive",83,28,0,0,1,5,4
"5706","hv_t5",27,"hive",83,4,0,0,1,5,4
"5707","hv_t5",27,"hive",83,12,0,0,1,5,4
"5708","hv_t5",27,"hive",83,102,0,0,1,5,4
"5734","hv_t5",30,"hive",63,2,4,0,2,5,5
"5735","hv_t5",30,"hive",63,4,4,0,2,5,5
"5736","hv_t5",30,"hive",63,4,4,0,2,5,5
"5737","hv_t5",30,"hive",63,3,4,0,2,5,5
"5738","hv_t5",30,"hive",63,2,4,0,2,5,5
"5739","hv_t5",30,"hive",63,88,4,0,2,5,5
"5740","hv_t5",30,"hive",63,2,4,0,2,5,5
"5741","hv_t5",30,"hive",63,4,4,0,2,5,5
"5742","hv_t5",30,"hive",63,2,4,0,2,5,5
"5743","hv_t5",30,"hive",63,45,4,0,2,5,5
"5744","hv_t5",30,"hive",63,2,4,0,2,5,5
"5807","hv_t6",28,"hive",85,8,2,0,1,1,4
"5808","hv_t6",28,"hive",85,5,2,0,1,1,4
"5809","hv_t6",28,"hive",85,2,2,0,1,1,4
"5810","hv_t6",29,"hive",76,6,2,0,1,2,4
"5811","hv_t6",30,"hive",59,2,1,0,1,2,4
"5813","hv_t7",1,"hive",160,3,7,0,4,1,4
"5814","hv_t7",1,"hive",160,3,7,0,4,1,4
"5815","hv_t7",1,"hive",160,11,7,0,4,1,4
"5816","hv_t7",1,"hive",160,4,7,0,4,1,4
"5870","hv_t7",24,"hive",141,3,3,0,2,2,4
"5871","hv_t7",24,"hive",141,4,3,0,2,2,4
"5881","hv_t7",28,"hive",140,4,1,0,1,0,4
"5882","hv_t7",28,"hive",140,2,1,0,1,0,4
"5883","hv_t7",29,"hive",117,4,5,0,2,1,4
"5884","hv_t7",30,"hive",145,43,4,0,1,1,4
"5885","hv_t7",30,"hive",145,3,4,0,1,1,4
"5886","hv_t7",30,"hive",145,2,4,0,1,1,4
"5896","hv_t8",3,"hive",185,11,5,0,2,1,4
"5897","hv_t8",3,"hive",185,2,5,0,2,1,4
"5898","hv_t8",3,"hive",185,2,5,0,2,1,4
"5899","hv_t8",3,"hive",185,2,5,0,2,1,4
"5900","hv_t8",3,"hive",185,2,5,0,2,1,4
"5901","hv_t8",3,"hive",185,2,5,0,2,1,4
"5902","hv_t8",3,"hive",185,4,5,0,2,1,4
"5903","hv_t8",3,"hive",185,7,5,0,2,1,4
"5904","hv_t8",3,"hive",185,2,5,0,2,1,4
"5972","hv_t8",24,"hive",147,3,1,0,1,1,4
"5973","hv_t8",25,"hive",182,2,2,0,1,1,4
"5974","hv_t8",25,"hive",182,2,2,0,1,1,4
"5983","hv_t8",29,"hive",120,5,8,0,4,1,4
"5984","hv_t8",29,"hive",120,2,8,0,4,1,4
"5985","hv_t8",29,"hive",120,2,8,0,4,1,4
"5986","hv_t8",29,"hive",120,2,8,0,4,1,4
"5987","hv_t8",29,"hive",120,2,8,0,4,1,4
"5995","hv_t8",31,"hive",107,3,9,0,3,1,4
"5996","hv_t8",31,"hive",107,2,9,0,3,1,4
"6105","mr_t1",8,"hadoop-mapreduce-project",12,9,7,0,2,1,4
"6106","mr_t1",8,"hadoop-mapreduce-project",12,5,7,0,2,1,4
"6107","mr_t1",8,"hadoop-mapreduce-project",12,25,7,0,2,1,4
"6108","mr_t1",8,"hadoop-mapreduce-project",12,5,7,0,2,1,4
"6109","mr_t1",8,"hadoop-mapreduce-project",12,9,7,0,2,1,4
"6110","mr_t1",8,"hadoop-mapreduce-project",12,44,7,0,2,1,4
"6158","mr_t1",25,"hadoop-mapreduce-project",7,5,4,0,1,1,1
"6159","mr_t1",25,"hadoop-mapreduce-project",7,25,4,0,1,1,1
"6160","mr_t1",25,"hadoop-mapreduce-project",7,5,4,0,1,1,1
"6161","mr_t1",25,"hadoop-mapreduce-project",7,21,4,0,1,1,1
"6162","mr_t1",25,"hadoop-mapreduce-project",7,5,4,0,1,1,1
"6173","mr_t1",28,"hadoop-mapreduce-project",4,9,2,0,1,1,4
"6174","mr_t1",28,"hadoop-mapreduce-project",4,7,2,0,1,1,4
"6175","mr_t1",28,"hadoop-mapreduce-project",4,131,2,0,1,1,4
"6176","mr_t1",28,"hadoop-mapreduce-project",4,3,2,0,1,1,4
"6177","mr_t1",28,"hadoop-mapreduce-project",4,11,2,0,1,1,4
"6178","mr_t1",28,"hadoop-mapreduce-project",4,109,2,0,1,1,4
"6193","mr_t10",2,"hadoop-mapreduce-project",8,45,8,0,1,4,4
"6194","mr_t10",2,"hadoop-mapreduce-project",8,28,8,0,1,4,4
"6195","mr_t10",2,"hadoop-mapreduce-project",8,5,8,0,1,4,4
"6196","mr_t10",2,"hadoop-mapreduce-project",8,16,8,0,1,4,4
"6197","mr_t10",2,"hadoop-mapreduce-project",8,5,8,0,1,4,4
"6198","mr_t10",2,"hadoop-mapreduce-project",8,5,8,0,1,4,4
"6199","mr_t10",2,"hadoop-mapreduce-project",8,69,8,0,1,4,4
"6389","mr_t2",14,"hadoop-mapreduce-project",35,7,2,0,1,1,4
"6409","mr_t3",1,"hadoop-mapreduce-project",13,5,2,0,1,1,3
"6410","mr_t3",1,"hadoop-mapreduce-project",13,25,2,0,1,1,3
"6411","mr_t3",1,"hadoop-mapreduce-project",13,18,2,0,1,1,3
"6412","mr_t3",1,"hadoop-mapreduce-project",13,13,2,0,1,1,3
"6413","mr_t3",1,"hadoop-mapreduce-project",13,13,2,0,1,1,3
"6414","mr_t3",1,"hadoop-mapreduce-project",13,11,2,0,1,1,3
"6415","mr_t3",1,"hadoop-mapreduce-project",13,5,2,0,1,1,3
"6416","mr_t3",1,"hadoop-mapreduce-project",13,63,2,0,1,1,3
"6417","mr_t3",1,"hadoop-mapreduce-project",13,5,2,0,1,1,3
"6418","mr_t3",1,"hadoop-mapreduce-project",13,5,2,0,1,1,3
"6419","mr_t3",2,"hadoop-mapreduce-project",10,5,3,0,1,1,4
"6420","mr_t3",2,"hadoop-mapreduce-project",10,25,3,0,1,1,4
"6421","mr_t3",2,"hadoop-mapreduce-project",10,5,3,0,1,1,4
"6422","mr_t3",2,"hadoop-mapreduce-project",10,7,3,0,1,1,4
"6423","mr_t3",2,"hadoop-mapreduce-project",10,1330,3,0,1,1,4
"6424","mr_t3",2,"hadoop-mapreduce-project",10,5,3,0,1,1,4
"6425","mr_t3",3,"hadoop-mapreduce-project",6,7,7,0,2,1,4
"6426","mr_t3",3,"hadoop-mapreduce-project",6,71,7,0,2,1,4
"6427","mr_t3",3,"hadoop-mapreduce-project",6,3,7,0,2,1,4
"6428","mr_t3",3,"hadoop-mapreduce-project",6,17,7,0,2,1,4
"6429","mr_t3",3,"hadoop-mapreduce-project",6,7,7,0,2,1,4
"6430","mr_t3",4,"hadoop-mapreduce-project",10,50,5,0,2,1,4
"6431","mr_t3",4,"hadoop-mapreduce-project",10,15,5,0,2,1,4
"6432","mr_t3",4,"hadoop-mapreduce-project",10,109,5,0,2,1,4
"6433","mr_t3",4,"hadoop-mapreduce-project",10,13,5,0,2,1,4
"6434","mr_t3",4,"hadoop-mapreduce-project",10,43,5,0,2,1,4
"6435","mr_t3",5,"hadoop-mapreduce-project",6,5,12,0,3,1,4
"6436","mr_t3",5,"hadoop-mapreduce-project",6,9,12,0,3,1,4
"6437","mr_t3",5,"hadoop-mapreduce-project",6,67,12,0,3,1,4
"6438","mr_t3",5,"hadoop-mapreduce-project",6,13,12,0,3,1,4
"6439","mr_t3",5,"hadoop-mapreduce-project",6,7,12,0,3,1,4
"6440","mr_t3",5,"hadoop-mapreduce-project",6,5,12,0,3,1,4
"6441","mr_t3",5,"hadoop-mapreduce-project",6,59,12,0,3,1,4
"6442","mr_t3",5,"hadoop-mapreduce-project",6,5,12,0,3,1,4
"6443","mr_t3",6,"hadoop-mapreduce-project",11,5,2,0,1,2,3
"6444","mr_t3",6,"hadoop-mapreduce-project",11,43,2,0,1,2,3
"6445","mr_t3",6,"hadoop-mapreduce-project",11,9,2,0,1,2,3
"6446","mr_t3",6,"hadoop-mapreduce-project",11,17,2,0,1,2,3
"6447","mr_t3",6,"hadoop-mapreduce-project",11,7,2,0,1,2,3
"6448","mr_t3",6,"hadoop-mapreduce-project",11,31,2,0,1,2,3
"6449","mr_t3",6,"hadoop-mapreduce-project",11,7,2,0,1,2,3
"6450","mr_t3",6,"hadoop-mapreduce-project",11,16,2,0,1,2,3
"6451","mr_t3",6,"hadoop-mapreduce-project",11,11,2,0,1,2,3
"6463","mr_t3",9,"hadoop-mapreduce-project",8,7,4,0,2,1,4
"6464","mr_t3",9,"hadoop-mapreduce-project",8,5,4,0,2,1,4
"6465","mr_t3",9,"hadoop-mapreduce-project",8,5,4,0,2,1,4
"6466","mr_t3",9,"hadoop-mapreduce-project",8,15,4,0,2,1,4
"6467","mr_t3",9,"hadoop-mapreduce-project",8,19,4,0,2,1,4
"6468","mr_t3",10,"hadoop-mapreduce-project",10,7,4,0,3,1,5
"6469","mr_t3",10,"hadoop-mapreduce-project",10,37,4,0,3,1,5
"6470","mr_t3",10,"hadoop-mapreduce-project",10,7,4,0,3,1,5
"6471","mr_t3",10,"hadoop-mapreduce-project",10,13,4,0,3,1,5
"6472","mr_t3",10,"hadoop-mapreduce-project",10,31,4,0,3,1,5
"6473","mr_t3",10,"hadoop-mapreduce-project",10,7,4,0,3,1,5
"6474","mr_t3",10,"hadoop-mapreduce-project",10,9,4,0,3,1,5
"6486","mr_t3",13,"hadoop-mapreduce-project",9,9,1,0,1,1,4
"6487","mr_t3",13,"hadoop-mapreduce-project",9,7,1,0,1,1,4
"6488","mr_t3",13,"hadoop-mapreduce-project",9,15,1,0,1,1,4
"6489","mr_t3",13,"hadoop-mapreduce-project",9,3,1,0,1,1,4
"6490","mr_t3",14,"hadoop-mapreduce-project",6,35,5,0,2,1,4
"6491","mr_t3",14,"hadoop-mapreduce-project",6,10,5,0,2,1,4
"6492","mr_t3",14,"hadoop-mapreduce-project",6,5,5,0,2,1,4
"6493","mr_t3",14,"hadoop-mapreduce-project",6,7,5,0,2,1,4
"6494","mr_t3",14,"hadoop-mapreduce-project",6,25,5,0,2,1,4
"6495","mr_t3",15,"hadoop-mapreduce-project",15,28,6,0,2,1,4
"6506","mr_t3",17,"hadoop-mapreduce-project",7,75,3,0,1,1,4
"6507","mr_t3",17,"hadoop-mapreduce-project",7,14,3,0,1,1,4
"6508","mr_t3",17,"hadoop-mapreduce-project",7,3,3,0,1,1,4
"6509","mr_t3",17,"hadoop-mapreduce-project",7,10,3,0,1,1,4
"6510","mr_t3",17,"hadoop-mapreduce-project",7,11,3,0,1,1,4
"6511","mr_t3",17,"hadoop-mapreduce-project",7,7,3,0,1,1,4
"6518","mr_t3",19,"hadoop-mapreduce-project",9,7,3,0,1,1,4
"6519","mr_t3",19,"hadoop-mapreduce-project",9,11,3,0,1,1,4
"6520","mr_t3",19,"hadoop-mapreduce-project",9,28,3,0,1,1,4
"6521","mr_t3",19,"hadoop-mapreduce-project",9,5,3,0,1,1,4
"6522","mr_t3",19,"hadoop-mapreduce-project",9,73,3,0,1,1,4
"6523","mr_t3",19,"hadoop-mapreduce-project",9,64,3,0,1,1,4
"6524","mr_t3",20,"hadoop-mapreduce-project",12,5,2,0,1,5,4
"6525","mr_t3",20,"hadoop-mapreduce-project",12,15,2,0,1,5,4
"6526","mr_t3",20,"hadoop-mapreduce-project",12,19,2,0,1,5,4
"6527","mr_t3",20,"hadoop-mapreduce-project",12,13,2,0,1,5,4
"6528","mr_t3",20,"hadoop-mapreduce-project",12,5,2,0,1,5,4
"6529","mr_t3",20,"hadoop-mapreduce-project",12,17,2,0,1,5,4
"6530","mr_t3",21,"hadoop-mapreduce-project",10,7,6,0,2,3,4
"6531","mr_t3",21,"hadoop-mapreduce-project",10,13,6,0,2,3,4
"6532","mr_t3",21,"hadoop-mapreduce-project",10,3,6,0,2,3,4
"6533","mr_t3",21,"hadoop-mapreduce-project",10,5,6,0,2,3,4
"6534","mr_t3",21,"hadoop-mapreduce-project",10,9,6,0,2,3,4
"6535","mr_t3",22,"hadoop-mapreduce-project",14,19,9,0,3,2,4
"6536","mr_t3",22,"hadoop-mapreduce-project",14,3,9,0,3,2,4
"6537","mr_t3",22,"hadoop-mapreduce-project",14,5,9,0,3,2,4
"6538","mr_t3",23,"hadoop-mapreduce-project",10,40,4,0,2,2,4
"6539","mr_t3",23,"hadoop-mapreduce-project",10,13,4,0,2,2,4
"6540","mr_t3",23,"hadoop-mapreduce-project",10,5,4,0,2,2,4
"6541","mr_t3",24,"hadoop-mapreduce-project",7,16,4,0,1,2,4
"6542","mr_t3",24,"hadoop-mapreduce-project",7,23,4,0,1,2,4
"6543","mr_t3",24,"hadoop-mapreduce-project",7,5,4,0,1,2,4
"6544","mr_t3",24,"hadoop-mapreduce-project",7,16,4,0,1,2,4
"6545","mr_t3",24,"hadoop-mapreduce-project",7,25,4,0,1,2,4
"6546","mr_t3",24,"hadoop-mapreduce-project",7,15,4,0,1,2,4
"6547","mr_t3",24,"hadoop-mapreduce-project",7,23,4,0,1,2,4
"6551","mr_t3",26,"hadoop-mapreduce-project",16,45,1,0,1,1,5
"6552","mr_t3",26,"hadoop-mapreduce-project",16,5,1,0,1,1,5
"6553","mr_t3",26,"hadoop-mapreduce-project",16,5,1,0,1,1,5
"6554","mr_t3",26,"hadoop-mapreduce-project",16,19,1,0,1,1,5
"6555","mr_t3",26,"hadoop-mapreduce-project",16,19,1,0,1,1,5
"6556","mr_t3",26,"hadoop-mapreduce-project",16,16,1,0,1,1,5
"6557","mr_t3",27,"hadoop-mapreduce-project",8,7,2,0,1,1,1
"6558","mr_t3",27,"hadoop-mapreduce-project",8,10,2,0,1,1,1
"6559","mr_t3",27,"hadoop-mapreduce-project",8,13,2,0,1,1,1
"6560","mr_t3",27,"hadoop-mapreduce-project",8,7,2,0,1,1,1
"6561","mr_t3",27,"hadoop-mapreduce-project",8,10,2,0,1,1,1
"6562","mr_t3",28,"hadoop-mapreduce-project",13,5,10,0,3,1,5
"6563","mr_t3",28,"hadoop-mapreduce-project",13,3,10,0,3,1,5
"6564","mr_t3",28,"hadoop-mapreduce-project",13,5,10,0,3,1,5
"6565","mr_t3",28,"hadoop-mapreduce-project",13,71,10,0,3,1,5
"6566","mr_t3",29,"hadoop-mapreduce-project",8,40,3,0,1,1,4
"6567","mr_t3",29,"hadoop-mapreduce-project",8,5,3,0,1,1,4
"6568","mr_t3",29,"hadoop-mapreduce-project",8,23,3,0,1,1,4
"6569","mr_t3",29,"hadoop-mapreduce-project",8,11,3,0,1,1,4
"6570","mr_t3",29,"hadoop-mapreduce-project",8,67,3,0,1,1,4
"6571","mr_t3",29,"hadoop-mapreduce-project",8,7,3,0,1,1,4
"6572","mr_t3",30,"hadoop-mapreduce-project",9,5,5,0,1,2,4
"6573","mr_t3",30,"hadoop-mapreduce-project",9,13,5,0,1,2,4
"6574","mr_t3",30,"hadoop-mapreduce-project",9,11,5,0,1,2,4
"6600","mr_t4",9,"hadoop-mapreduce-project",15,91,3,0,1,3,1
"6601","mr_t4",9,"hadoop-mapreduce-project",15,5,3,0,1,3,1
"6614","mr_t4",13,"hadoop-mapreduce-project",14,7,4,0,1,1,4
"6615","mr_t4",13,"hadoop-mapreduce-project",14,3,4,0,1,1,4
"6616","mr_t4",13,"hadoop-mapreduce-project",14,19,4,0,1,1,4
"6659","mr_t4",28,"hadoop-mapreduce-project",4,5,10,0,2,2,4
"6681","mr_t5",17,"hadoop-mapreduce-project",4,4,9,0,1,2,4
"6698","mr_t6",3,"hadoop-mapreduce-project",8,5,2,0,1,1,4
"6699","mr_t6",3,"hadoop-mapreduce-project",8,5,2,0,1,1,4
"6712","mr_t6",11,"hadoop-mapreduce-project",14,61,3,0,1,2,4
"6713","mr_t6",11,"hadoop-mapreduce-project",14,11,3,0,1,2,4
"6720","mr_t6",13,"hadoop-mapreduce-project",6,7,8,0,1,2,4
"6721","mr_t6",14,"hadoop-mapreduce-project",14,5,3,0,1,0,4
"6732","mr_t6",21,"hadoop-mapreduce-project",7,3,2,0,1,0,4
"6733","mr_t6",21,"hadoop-mapreduce-project",7,5,2,0,1,0,4
"6734","mr_t6",21,"hadoop-mapreduce-project",7,19,2,0,1,0,4
"6736","mr_t6",23,"hadoop-mapreduce-project",11,11,3,0,1,2,4
"6737","mr_t6",23,"hadoop-mapreduce-project",11,5,3,0,1,2,4
"6747","mr_t6",30,"hadoop-mapreduce-project",9,11,10,0,1,1,4
"6839","mr_t7",19,"hadoop-mapreduce-project",11,1329,3,0,1,1,4
"6840","mr_t7",19,"hadoop-mapreduce-project",11,3,3,0,1,1,4
"6841","mr_t7",19,"hadoop-mapreduce-project",11,3,3,0,1,1,4
"6842","mr_t7",19,"hadoop-mapreduce-project",11,11,3,0,1,1,4
"6843","mr_t7",19,"hadoop-mapreduce-project",11,21,3,0,1,1,4
"6844","mr_t7",19,"hadoop-mapreduce-project",11,5,3,0,1,1,4
"6877","mr_t7",28,"hadoop-mapreduce-project",7,10,4,0,1,1,4
"6878","mr_t7",28,"hadoop-mapreduce-project",7,17,4,0,1,1,4
"6879","mr_t7",28,"hadoop-mapreduce-project",7,4,4,0,1,1,4
"6880","mr_t7",28,"hadoop-mapreduce-project",7,16,4,0,1,1,4
"6881","mr_t7",28,"hadoop-mapreduce-project",7,15,4,0,1,1,4
"6893","mr_t7",31,"hadoop-mapreduce-project",4,9,3,0,1,1,4
"6894","mr_t7",31,"hadoop-mapreduce-project",4,13,3,0,1,1,4
"6895","mr_t7",31,"hadoop-mapreduce-project",4,5,3,0,1,1,4
"6911","mr_t8",10,"hadoop-mapreduce-project",14,37,9,0,1,1,4
"6912","mr_t8",10,"hadoop-mapreduce-project",14,5,9,0,1,1,4
"6934","mr_t8",26,"hadoop-mapreduce-project",15,6,3,0,1,1,4
"7017","pg_t10",7,"pig",43,11,5,0,2,1,5
"7050","pg_t2",2,"pig",40,3,2,0,1,1,4
"7051","pg_t2",2,"pig",40,4,2,0,1,1,4
"7052","pg_t2",3,"pig",49,4,4,0,2,1,4
"7053","pg_t2",3,"pig",49,2,4,0,2,1,4
"7064","pg_t2",8,"pig",43,2,4,0,1,2,1
"7065","pg_t2",8,"pig",43,4,4,0,1,2,1
"7080","pg_t2",16,"pig",34,2,5,0,3,1,4
"7081","pg_t2",16,"pig",34,7,5,0,3,1,4
"7090","pg_t2",21,"pig",49,3,2,0,1,4,1
"7095","pg_t2",24,"pig",26,6,2,0,1,1,4
"7096","pg_t2",24,"pig",26,2,2,0,1,1,4
"7100","pg_t2",27,"pig",40,3,7,0,4,1,4
"7101","pg_t2",27,"pig",40,3,7,0,4,1,4
"7102","pg_t2",28,"pig",23,3,1,0,1,0,4
"7103","pg_t2",28,"pig",23,5,1,0,1,0,4
"7104","pg_t2",29,"pig",47,5,3,0,2,2,4
"7105","pg_t2",30,"pig",31,3,5,0,2,1,4
"7106","pg_t2",30,"pig",31,2,5,0,2,1,4
"7107","pg_t2",30,"pig",31,3,5,0,2,1,4
"7108","pg_t2",31,"pig",5,10,2,0,1,2,4
"7123","pg_t3",3,"pig",21,19,3,0,1,1,4
"7124","pg_t3",3,"pig",21,5,3,0,1,1,4
"7125","pg_t3",3,"pig",21,13,3,0,1,1,4
"7126","pg_t3",3,"pig",21,37,3,0,1,1,4
"7127","pg_t3",3,"pig",21,9,3,0,1,1,4
"7128","pg_t3",3,"pig",21,3,3,0,1,1,4
"7129","pg_t3",3,"pig",21,22,3,0,1,1,4
"7142","pg_t3",7,"pig",17,6,1,0,1,1,4
"7143","pg_t3",7,"pig",17,4,1,0,1,1,4
"7144","pg_t3",7,"pig",17,4,1,0,1,1,4
"7145","pg_t3",7,"pig",17,3,1,0,1,1,4
"7146","pg_t3",7,"pig",17,31,1,0,1,1,4
"7147","pg_t3",7,"pig",17,5,1,0,1,1,4
"7148","pg_t3",8,"pig",9,5,3,0,1,1,4
"7149","pg_t3",8,"pig",9,32,3,0,1,1,4
"7150","pg_t3",8,"pig",9,5,3,0,1,1,4
"7151","pg_t3",8,"pig",9,15,3,0,1,1,4
"7152","pg_t3",8,"pig",9,2,3,0,1,1,4
"7153","pg_t3",8,"pig",9,11,3,0,1,1,4
"7154","pg_t3",8,"pig",9,4,3,0,1,1,4
"7155","pg_t3",8,"pig",9,7,3,0,1,1,4
"7156","pg_t3",9,"pig",8,3,2,0,2,1,4
"7157","pg_t3",9,"pig",8,5,2,0,2,1,4
"7158","pg_t3",9,"pig",8,16,2,0,2,1,4
"7159","pg_t3",9,"pig",8,3,2,0,2,1,4
"7160","pg_t3",9,"pig",8,4,2,0,2,1,4
"7161","pg_t3",9,"pig",8,38,2,0,2,1,4
"7162","pg_t3",9,"pig",8,10,2,0,2,1,4
"7174","pg_t3",13,"pig",35,4,1,0,1,4,1
"7175","pg_t3",13,"pig",35,15,1,0,1,4,1
"7176","pg_t3",13,"pig",35,3,1,0,1,4,1
"7177","pg_t3",13,"pig",35,7,1,0,1,4,1
"7187","pg_t3",15,"pig",23,2,1,0,1,1,4
"7188","pg_t3",15,"pig",23,10,1,0,1,1,4
"7189","pg_t3",15,"pig",23,6,1,0,1,1,4
"7190","pg_t3",16,"pig",19,3,1,0,1,1,4
"7191","pg_t3",16,"pig",19,3,1,0,1,1,4
"7192","pg_t3",16,"pig",19,3,1,0,1,1,4
"7193","pg_t3",16,"pig",19,5,1,0,1,1,4
"7194","pg_t3",16,"pig",19,6,1,0,1,1,4
"7195","pg_t3",16,"pig",19,60,1,0,1,1,4
"7196","pg_t3",17,"pig",10,5,1,0,1,0,4
"7197","pg_t3",17,"pig",10,2,1,0,1,0,4
"7198","pg_t3",17,"pig",10,22,1,0,1,0,4
"7199","pg_t3",17,"pig",10,3,1,0,1,0,4
"7200","pg_t3",17,"pig",10,15,1,0,1,0,4
"7201","pg_t3",17,"pig",10,24,1,0,1,0,4
"7202","pg_t3",17,"pig",10,6,1,0,1,0,4
"7215","pg_t3",20,"pig",12,3,3,0,2,1,4
"7216","pg_t3",20,"pig",12,3,3,0,2,1,4
"7217","pg_t3",20,"pig",12,8,3,0,2,1,4
"7218","pg_t3",20,"pig",12,3,3,0,2,1,4
"7219","pg_t3",20,"pig",12,6,3,0,2,1,4
"7220","pg_t3",20,"pig",12,8,3,0,2,1,4
"7221","pg_t3",21,"pig",9,7,2,0,1,1,4
"7222","pg_t3",21,"pig",9,9,2,0,1,1,4
"7223","pg_t3",21,"pig",9,5,2,0,1,1,4
"7224","pg_t3",21,"pig",9,9,2,0,1,1,4
"7225","pg_t3",21,"pig",9,6,2,0,1,1,4
"7226","pg_t3",21,"pig",9,4,2,0,1,1,4
"7227","pg_t3",21,"pig",9,11,2,0,1,1,4
"7228","pg_t3",21,"pig",9,6,2,0,1,1,4
"7230","pg_t3",23,"pig",18,7,1,0,3,1,5
"7231","pg_t3",23,"pig",18,5,1,0,3,1,5
"7232","pg_t3",23,"pig",18,19,1,0,3,1,5
"7233","pg_t3",23,"pig",18,41,1,0,3,1,5
"7234","pg_t3",23,"pig",18,5,1,0,3,1,5
"7235","pg_t3",23,"pig",18,4,1,0,3,1,5
"7236","pg_t3",23,"pig",18,2,1,0,3,1,5
"7237","pg_t3",23,"pig",18,19,1,0,3,1,5
"7238","pg_t3",24,"pig",13,2,6,0,2,1,4
"7239","pg_t3",24,"pig",13,5,6,0,2,1,4
"7240","pg_t3",24,"pig",13,2,6,0,2,1,4
"7241","pg_t3",24,"pig",13,3,6,0,2,1,4
"7242","pg_t3",24,"pig",13,17,6,0,2,1,4
"7243","pg_t3",24,"pig",13,10,6,0,2,1,4
"7244","pg_t3",24,"pig",13,3,6,0,2,1,4
"7245","pg_t3",24,"pig",13,7,6,0,2,1,4
"7246","pg_t3",24,"pig",13,4,6,0,2,1,4
"7254","pg_t3",26,"pig",7,7,4,1,1,4,4
"7255","pg_t3",26,"pig",7,3,4,1,1,4,4
"7256","pg_t3",26,"pig",7,2,4,1,1,4,4
"7257","pg_t3",27,"pig",8,8,2,0,1,0,3
"7258","pg_t3",27,"pig",8,5,2,0,1,0,3
"7259","pg_t3",27,"pig",8,8,2,0,1,0,3
"7267","pg_t3",29,"pig",11,2,2,0,1,1,4
"7268","pg_t3",29,"pig",11,4,2,0,1,1,4
"7269","pg_t3",29,"pig",11,3,2,0,1,1,4
"7270","pg_t3",29,"pig",11,4,2,0,1,1,4
"7274","pg_t3",31,"pig",4,28,13,0,4,4,4
"7275","pg_t3",31,"pig",4,6,13,0,4,4,4
"7276","pg_t3",31,"pig",4,11,13,0,4,4,4
"7277","pg_t3",31,"pig",4,27,13,0,4,4,4
"7408","pg_t6",19,"pig",16,30,3,0,1,1,1
"7409","pg_t6",19,"pig",16,17,3,0,1,1,1
"7410","pg_t6",19,"pig",16,4,3,0,1,1,1
"7411","pg_t6",19,"pig",16,4,3,0,1,1,1
"7412","pg_t6",19,"pig",16,12,3,0,1,1,1
"7413","pg_t6",19,"pig",16,5,3,0,1,1,1
"7414","pg_t6",19,"pig",16,31,3,0,1,1,1
"7421","pg_t6",23,"pig",34,7,3,0,1,4,4
"7422","pg_t6",23,"pig",34,13,3,0,1,4,4
"7423","pg_t6",24,"pig",23,3,3,0,1,1,4
"7424","pg_t6",24,"pig",23,9,3,0,1,1,4
"7443","pg_t6",31,"pig",8,4,4,0,1,1,4
"7444","pg_t6",31,"pig",8,3,4,0,1,1,4
"7445","pg_t6",31,"pig",8,5,4,0,1,1,4
"7446","pg_t6",31,"pig",8,6,4,0,1,1,4
"7519","pg_t7",17,"pig",22,7,1,0,1,1,4
"7520","pg_t7",17,"pig",22,9,1,0,1,1,4
"7521","pg_t7",17,"pig",22,5,1,0,1,1,4
"7522","pg_t7",17,"pig",22,23,1,0,1,1,4
"7523","pg_t7",17,"pig",22,3,1,0,1,1,4
"7524","pg_t7",17,"pig",22,2,1,0,1,1,4
"7525","pg_t7",17,"pig",22,3,1,0,1,1,4
"7526","pg_t7",17,"pig",22,3,1,0,1,1,4
"7577","pg_t7",27,"pig",8,6,4,0,1,1,4
"7578","pg_t7",27,"pig",8,5,4,0,1,1,4
"7579","pg_t7",27,"pig",8,3,4,0,1,1,4
"7580","pg_t7",27,"pig",8,20,4,0,1,1,4
"7581","pg_t7",27,"pig",8,4,4,0,1,1,4
"7582","pg_t7",27,"pig",8,26,4,0,1,1,4
"7640","pg_t8",24,"pig",70,12,1,0,1,1,4
"7642","pg_t8",26,"pig",43,8,3,0,1,0,4
"7643","pg_t8",27,"pig",50,21,6,0,3,1,4
"7651","pg_t8",31,"pig",35,21,1,0,1,0,4
"7655","pg_t9",2,"pig",53,3,3,0,1,0,4
"7656","pg_t9",2,"pig",53,3,3,0,1,0,4
"7657","pg_t9",3,"pig",60,3,6,0,2,5,4
"7672","pg_t9",9,"pig",60,3,1,0,1,0,4
"7673","pg_t9",9,"pig",60,3,1,0,1,0,4
"7674","pg_t9",9,"pig",60,3,1,0,1,0,4
"7675","pg_t9",9,"pig",60,5,1,0,1,0,4
"7676","pg_t9",10,"pig",55,3,2,0,1,0,4
"7677","pg_t9",10,"pig",55,3,2,0,1,0,4
"7678","pg_t9",11,"pig",42,3,2,0,1,1,4
"7679","pg_t9",11,"pig",42,5,2,0,1,1,4
"7680","pg_t9",11,"pig",42,3,2,0,1,1,4
"7685","pg_t9",14,"pig",52,11,2,0,1,0,4
"7686","pg_t9",14,"pig",52,6,2,0,1,0,4
"7687","pg_t9",14,"pig",52,5,2,0,1,0,4
"7688","pg_t9",14,"pig",52,3,2,0,1,0,4
"7692","pg_t9",16,"pig",70,9,1,0,1,1,4
"7693","pg_t9",16,"pig",70,12,1,0,1,1,4
"7694","pg_t9",17,"pig",52,3,4,0,2,1,4
"7695","pg_t9",17,"pig",52,3,4,0,2,1,4
"7696","pg_t9",17,"pig",52,4,4,0,2,1,4
"7719","pg_t9",27,"pig",82,5,4,0,2,1,4
"7724","pg_t9",30,"pig",59,4,8,0,3,1,4
"7725","pg_t9",30,"pig",59,3,8,0,3,1,4
"7726","pg_t9",31,"pig",43,3,7,0,3,1,4
"7727","pg_t9",31,"pig",43,4,7,0,3,1,4
"7728","yn_t1",1,"hadoop-yarn-project",6,17,6,0,2,1,4
"7799","yn_t1",21,"hadoop-yarn-project",7,117,2,0,1,2,4
"7800","yn_t1",21,"hadoop-yarn-project",7,7,2,0,1,2,4
"7801","yn_t1",21,"hadoop-yarn-project",7,13,2,0,1,2,4
"8052","yn_t10",30,"hadoop-yarn-project",21,15,7,0,1,1,2
"8053","yn_t10",30,"hadoop-yarn-project",21,2,7,0,1,1,2
"8054","yn_t10",30,"hadoop-yarn-project",21,15,7,0,1,1,2
"8055","yn_t10",30,"hadoop-yarn-project",21,31,7,0,1,1,2
"8056","yn_t10",30,"hadoop-yarn-project",21,49,7,0,1,1,2
"8057","yn_t10",30,"hadoop-yarn-project",21,51,7,0,1,1,2
"8058","yn_t10",30,"hadoop-yarn-project",21,35,7,0,1,1,2
"8059","yn_t10",30,"hadoop-yarn-project",21,7,7,0,1,1,2
"8120","yn_t3",10,"hadoop-yarn-project",7,15,2,0,1,2,4
"8121","yn_t3",10,"hadoop-yarn-project",7,11,2,0,1,2,4
"8125","yn_t3",13,"hadoop-yarn-project",19,31,9,0,1,2,4
"8128","yn_t3",15,"hadoop-yarn-project",6,141,1,0,1,2,1
"8141","yn_t3",22,"hadoop-yarn-project",11,7,4,0,2,0,4
"8147","yn_t3",26,"hadoop-yarn-project",14,43,5,0,1,1,4
"8148","yn_t3",27,"hadoop-yarn-project",7,7,4,0,2,2,4
"8149","yn_t3",27,"hadoop-yarn-project",7,2,4,0,2,2,4
"8150","yn_t3",28,"hadoop-yarn-project",13,5,11,0,5,4,4
"8151","yn_t3",29,"hadoop-yarn-project",9,5,9,0,4,1,4
"8152","yn_t3",29,"hadoop-yarn-project",9,7,9,0,4,1,4
"8153","yn_t3",29,"hadoop-yarn-project",9,15,9,0,4,1,4
"8154","yn_t3",29,"hadoop-yarn-project",9,9,9,0,4,1,4
"8155","yn_t3",30,"hadoop-yarn-project",13,7,11,0,2,1,5
"8156","yn_t3",31,"hadoop-yarn-project",11,27,7,0,2,1,4
"8157","yn_t3",31,"hadoop-yarn-project",11,7,7,0,2,1,4
"8158","yn_t3",31,"hadoop-yarn-project",11,5,7,0,2,1,4
"8162","yn_t4",3,"hadoop-yarn-project",13,9,4,0,1,1,2
"8230","yn_t5",17,"hadoop-yarn-project",2,5,7,0,1,1,4
"8268","yn_t6",20,"hadoop-yarn-project",6,3,2,0,1,1,3
"8275","yn_t6",27,"hadoop-yarn-project",8,21,2,0,1,0,4
"8276","yn_t6",27,"hadoop-yarn-project",8,9,2,0,1,0,4
"8281","yn_t7",1,"hadoop-yarn-project",23,112,4,0,1,0,4
"8282","yn_t7",1,"hadoop-yarn-project",23,10,4,0,1,0,4
"8283","yn_t7",1,"hadoop-yarn-project",23,5,4,0,1,0,4
"8284","yn_t7",1,"hadoop-yarn-project",23,17,4,0,1,0,4
"8329","yn_t7",17,"hadoop-yarn-project",19,11,2,0,1,1,5
"8357","yn_t7",28,"hadoop-yarn-project",18,4,6,0,1,1,1
"8358","yn_t7",28,"hadoop-yarn-project",18,5,6,0,1,1,1
"8359","yn_t7",28,"hadoop-yarn-project",18,2,6,0,1,1,1
"8360","yn_t7",28,"hadoop-yarn-project",18,40,6,0,1,1,1
"8361","yn_t7",28,"hadoop-yarn-project",18,7,6,0,1,1,1
"8362","yn_t7",29,"hadoop-yarn-project",8,25,3,0,1,1,4
"8363","yn_t7",30,"hadoop-yarn-project",17,100,3,0,1,0,4
"8364","yn_t7",30,"hadoop-yarn-project",17,4,3,0,1,0,4
"8365","yn_t7",30,"hadoop-yarn-project",17,9,3,0,1,0,4
"8370","yn_t8",2,"hadoop-yarn-project",24,5,4,0,1,0,4
"8380","yn_t8",11,"hadoop-yarn-project",14,5,1,0,1,1,4
"8381","yn_t8",11,"hadoop-yarn-project",14,11,1,0,1,1,4
"8397","yn_t8",24,"hadoop-yarn-project",18,10,1,0,1,0,4
"8419","yn_t9",12,"hadoop-yarn-project",34,11,5,0,1,1,4
"8420","yn_t9",12,"hadoop-yarn-project",34,7,5,0,1,1,4
"8421","yn_t9",12,"hadoop-yarn-project",34,26,5,0,1,1,4
"8428","yn_t9",18,"hadoop-yarn-project",27,5,13,0,1,2,4
"8429","yn_t9",18,"hadoop-yarn-project",27,7,13,0,1,2,4
"8434","yn_t9",22,"hadoop-yarn-project",13,5,4,0,1,1,4
"8440","yn_t9",28,"hadoop-yarn-project",19,5,11,0,3,2,4
"8443","yn_t9",31,"hadoop-yarn-project",15,9,8,1,2,1,4
